subj_id,word,rating
P_da_2,accelerate,2
P_da_4,accelerate,2
P_da_5,accelerate,1
P_da_7,accelerate,3
P_da_19,accelerate,2
P_da_21,accelerate,3
P_da_22,accelerate,1
P_da_26,accelerate,1
P_da_30,accelerate,3
P_da_31,accelerate,1
P_da_33,accelerate,2
P_da_34,accelerate,2
P_da_1,active,5
P_da_10,active,1
P_da_11,active,3
P_da_12,active,2
P_da_17,active,2
P_da_25,active,2
P_da_27,active,2
P_da_28,active,3
P_da_29,active,2
P_da_32,active,2
P_da_2,adventurous,2
P_da_4,adventurous,1
P_da_5,adventurous,1
P_da_7,adventurous,3
P_da_19,adventurous,1
P_da_21,adventurous,3
P_da_22,adventurous,1
P_da_26,adventurous,2
P_da_30,adventurous,3
P_da_31,adventurous,2
P_da_33,adventurous,2
P_da_34,adventurous,1
P_da_1,affectionate,4
P_da_10,affectionate,4
P_da_11,affectionate,4
P_da_12,affectionate,5
P_da_17,affectionate,5
P_da_25,affectionate,4
P_da_27,affectionate,4
P_da_28,affectionate,4
P_da_29,affectionate,4
P_da_32,affectionate,4
P_da_2,ambitious,4
P_da_4,ambitious,2
P_da_5,ambitious,1
P_da_7,ambitious,3
P_da_19,ambitious,4
P_da_21,ambitious,3
P_da_22,ambitious,1
P_da_26,ambitious,3
P_da_30,ambitious,2
P_da_31,ambitious,1
P_da_33,ambitious,1
P_da_34,ambitious,1
P_da_3,amiable,3
P_da_6,amiable,3
P_da_8,amiable,4
P_da_9,amiable,4
P_da_13,amiable,4
P_da_14,amiable,5
P_da_15,amiable,4
P_da_16,amiable,3
P_da_18,amiable,5
P_da_20,amiable,3
P_da_23,amiable,4
P_da_24,amiable,3
P_da_2,amuse,2
P_da_4,amuse,3
P_da_5,amuse,3
P_da_7,amuse,4
P_da_19,amuse,4
P_da_21,amuse,3
P_da_22,amuse,4
P_da_26,amuse,3
P_da_30,amuse,3
P_da_31,amuse,3
P_da_33,amuse,3
P_da_34,amuse,5
P_da_1,annoy,3
P_da_10,annoy,2
P_da_11,annoy,2
P_da_12,annoy,3
P_da_17,annoy,1
P_da_25,annoy,2
P_da_27,annoy,2
P_da_28,annoy,3
P_da_29,annoy,2
P_da_32,annoy,4
P_da_1,apologize,4
P_da_10,apologize,4
P_da_11,apologize,3
P_da_12,apologize,4
P_da_17,apologize,4
P_da_25,apologize,4
P_da_27,apologize,2
P_da_28,apologize,3
P_da_29,apologize,4
P_da_32,apologize,4
P_da_3,argue,1
P_da_6,argue,2
P_da_8,argue,3
P_da_9,argue,4
P_da_13,argue,1
P_da_14,argue,4
P_da_15,argue,2
P_da_16,argue,4
P_da_18,argue,2
P_da_20,argue,3
P_da_23,argue,2
P_da_24,argue,2
P_da_2,artistic,3
P_da_4,artistic,4
P_da_5,artistic,4
P_da_7,artistic,3
P_da_19,artistic,4
P_da_21,artistic,4
P_da_22,artistic,3
P_da_26,artistic,4
P_da_30,artistic,3
P_da_31,artistic,4
P_da_33,artistic,3
P_da_34,artistic,3
P_da_2,attentive,4
P_da_4,attentive,2
P_da_5,attentive,3
P_da_7,attentive,2
P_da_19,attentive,1
P_da_21,attentive,3
P_da_22,attentive,3
P_da_26,attentive,3
P_da_30,attentive,5
P_da_31,attentive,4
P_da_33,attentive,5
P_da_34,attentive,3
P_da_2,bake,4
P_da_4,bake,5
P_da_5,bake,5
P_da_7,bake,2
P_da_19,bake,1
P_da_21,bake,4
P_da_22,bake,5
P_da_26,bake,4
P_da_30,bake,4
P_da_31,bake,4
P_da_33,bake,4
P_da_34,bake,4
P_da_1,bathe,5
P_da_10,bathe,4
P_da_11,bathe,3
P_da_12,bathe,3
P_da_17,bathe,5
P_da_25,bathe,2
P_da_27,bathe,5
P_da_28,bathe,3
P_da_29,bathe,5
P_da_32,bathe,4
P_da_2,be,3
P_da_4,be,3
P_da_5,be,3
P_da_7,be,3
P_da_19,be,1
P_da_21,be,3
P_da_22,be,3
P_da_26,be,3
P_da_30,be,3
P_da_31,be,3
P_da_33,be,4
P_da_34,be,3
P_da_3,beg,2
P_da_6,beg,2
P_da_8,beg,2
P_da_9,beg,2
P_da_13,beg,5
P_da_14,beg,4
P_da_15,beg,4
P_da_16,beg,5
P_da_18,beg,4
P_da_20,beg,3
P_da_23,beg,3
P_da_24,beg,3
P_da_1,bold,4
P_da_10,bold,2
P_da_11,bold,2
P_da_12,bold,1
P_da_17,bold,1
P_da_25,bold,2
P_da_27,bold,2
P_da_28,bold,2
P_da_29,bold,2
P_da_32,bold,2
P_da_1,bore,2
P_da_10,bore,4
P_da_11,bore,2
P_da_12,bore,2
P_da_17,bore,2
P_da_25,bore,1
P_da_27,bore,2
P_da_28,bore,3
P_da_29,bore,4
P_da_32,bore,3
P_da_3,bossy,4
P_da_6,bossy,2
P_da_8,bossy,2
P_da_9,bossy,5
P_da_13,bossy,5
P_da_14,bossy,2
P_da_15,bossy,4
P_da_16,bossy,5
P_da_18,bossy,1
P_da_20,bossy,3
P_da_23,bossy,3
P_da_24,bossy,4
P_da_2,bury,2
P_da_4,bury,2
P_da_5,bury,3
P_da_7,bury,4
P_da_19,bury,1
P_da_21,bury,3
P_da_22,bury,2
P_da_26,bury,3
P_da_30,bury,3
P_da_31,bury,2
P_da_33,bury,3
P_da_34,bury,3
P_da_3,calm,5
P_da_6,calm,5
P_da_8,calm,5
P_da_9,calm,3
P_da_13,calm,5
P_da_14,calm,5
P_da_15,calm,5
P_da_16,calm,3
P_da_18,calm,3
P_da_20,calm,3
P_da_23,calm,3
P_da_24,calm,3
P_da_2,camp,2
P_da_4,camp,3
P_da_5,camp,1
P_da_7,camp,3
P_da_19,camp,1
P_da_21,camp,3
P_da_22,camp,1
P_da_26,camp,2
P_da_30,camp,2
P_da_31,camp,2
P_da_33,camp,1
P_da_34,camp,3
P_da_2,carefree,3
P_da_4,carefree,3
P_da_5,carefree,3
P_da_7,carefree,2
P_da_19,carefree,5
P_da_21,carefree,4
P_da_22,carefree,3
P_da_26,carefree,3
P_da_30,carefree,3
P_da_31,carefree,4
P_da_33,carefree,5
P_da_34,carefree,3
P_da_1,careful,2
P_da_10,careful,2
P_da_11,careful,3
P_da_12,careful,5
P_da_17,careful,4
P_da_25,careful,4
P_da_27,careful,3
P_da_28,careful,3
P_da_29,careful,4
P_da_32,careful,4
P_da_1,cautious,4
P_da_10,cautious,2
P_da_11,cautious,3
P_da_12,cautious,5
P_da_17,cautious,4
P_da_25,cautious,5
P_da_27,cautious,2
P_da_28,cautious,3
P_da_29,cautious,4
P_da_32,cautious,4
P_da_1,celebrate,3
P_da_10,celebrate,4
P_da_11,celebrate,3
P_da_12,celebrate,4
P_da_17,celebrate,4
P_da_25,celebrate,4
P_da_27,celebrate,4
P_da_28,celebrate,3
P_da_29,celebrate,4
P_da_32,celebrate,4
P_da_3,chant,1
P_da_6,chant,3
P_da_8,chant,4
P_da_9,chant,1
P_da_13,chant,3
P_da_14,chant,4
P_da_15,chant,3
P_da_16,chant,1
P_da_18,chant,3
P_da_20,chant,3
P_da_23,chant,2
P_da_24,chant,3
P_da_1,cheerful,2
P_da_10,cheerful,5
P_da_11,cheerful,3
P_da_12,cheerful,5
P_da_17,cheerful,5
P_da_25,cheerful,5
P_da_27,cheerful,4
P_da_28,cheerful,3
P_da_29,cheerful,4
P_da_32,cheerful,4
P_da_3,chew,2
P_da_6,chew,3
P_da_8,chew,2
P_da_9,chew,3
P_da_13,chew,2
P_da_14,chew,1
P_da_15,chew,3
P_da_16,chew,3
P_da_18,chew,1
P_da_20,chew,3
P_da_23,chew,3
P_da_24,chew,3
P_da_2,childish,2
P_da_4,childish,3
P_da_5,childish,2
P_da_7,childish,3
P_da_19,childish,1
P_da_21,childish,2
P_da_22,childish,4
P_da_26,childish,3
P_da_30,childish,3
P_da_31,childish,3
P_da_33,childish,1
P_da_34,childish,3
P_da_1,childlike,3
P_da_10,childlike,5
P_da_11,childlike,3
P_da_12,childlike,2
P_da_17,childlike,1
P_da_25,childlike,3
P_da_27,childlike,2
P_da_28,childlike,3
P_da_29,childlike,4
P_da_32,childlike,4
P_da_2,chilly,4
P_da_4,chilly,4
P_da_5,chilly,3
P_da_7,chilly,4
P_da_19,chilly,4
P_da_21,chilly,5
P_da_22,chilly,4
P_da_26,chilly,3
P_da_30,chilly,3
P_da_31,chilly,3
P_da_33,chilly,3
P_da_34,chilly,3
P_da_1,churn,2
P_da_10,churn,3
P_da_11,churn,3
P_da_12,churn,2
P_da_17,churn,4
P_da_25,churn,3
P_da_27,churn,2
P_da_28,churn,3
P_da_29,churn,4
P_da_32,churn,2
P_da_3,clap,2
P_da_6,clap,3
P_da_8,clap,4
P_da_9,clap,5
P_da_13,clap,3
P_da_14,clap,4
P_da_15,clap,3
P_da_16,clap,3
P_da_18,clap,2
P_da_20,clap,2
P_da_23,clap,3
P_da_24,clap,3
P_da_1,collect,2
P_da_10,collect,4
P_da_11,collect,3
P_da_12,collect,2
P_da_17,collect,3
P_da_25,collect,2
P_da_27,collect,2
P_da_28,collect,3
P_da_29,collect,4
P_da_32,collect,4
P_da_2,comfort,4
P_da_4,comfort,4
P_da_5,comfort,5
P_da_7,comfort,3
P_da_19,comfort,4
P_da_21,comfort,3
P_da_22,comfort,4
P_da_26,comfort,4
P_da_30,comfort,4
P_da_31,comfort,4
P_da_33,comfort,5
P_da_34,comfort,4
P_da_1,command,1
P_da_10,command,1
P_da_11,command,2
P_da_12,command,1
P_da_17,command,1
P_da_25,command,1
P_da_27,command,3
P_da_28,command,3
P_da_29,command,1
P_da_32,command,2
P_da_3,commit,2
P_da_6,commit,4
P_da_8,commit,4
P_da_9,commit,2
P_da_13,commit,2
P_da_14,commit,4
P_da_15,commit,1
P_da_16,commit,4
P_da_18,commit,1
P_da_20,commit,3
P_da_23,commit,3
P_da_24,commit,3
P_da_2,compassionate,5
P_da_4,compassionate,4
P_da_5,compassionate,5
P_da_7,compassionate,3
P_da_19,compassionate,4
P_da_21,compassionate,5
P_da_22,compassionate,4
P_da_26,compassionate,4
P_da_30,compassionate,5
P_da_31,compassionate,5
P_da_33,compassionate,5
P_da_34,compassionate,5
P_da_3,complain,2
P_da_6,complain,2
P_da_8,complain,4
P_da_9,complain,5
P_da_13,complain,5
P_da_14,complain,5
P_da_15,complain,5
P_da_16,complain,5
P_da_18,complain,2
P_da_20,complain,3
P_da_23,complain,2
P_da_24,complain,4
P_da_3,concern,4
P_da_6,concern,4
P_da_8,concern,4
P_da_9,concern,4
P_da_13,concern,4
P_da_14,concern,4
P_da_15,concern,4
P_da_16,concern,5
P_da_18,concern,2
P_da_20,concern,3
P_da_23,concern,4
P_da_24,concern,3
P_da_2,confident,3
P_da_4,confident,2
P_da_5,confident,2
P_da_7,confident,3
P_da_19,confident,5
P_da_21,confident,3
P_da_22,confident,2
P_da_26,confident,3
P_da_30,confident,3
P_da_31,confident,1
P_da_33,confident,3
P_da_34,confident,3
P_da_1,confuse,4
P_da_10,confuse,5
P_da_11,confuse,3
P_da_12,confuse,3
P_da_17,confuse,3
P_da_25,confuse,3
P_da_27,confuse,3
P_da_28,confuse,3
P_da_29,confuse,4
P_da_32,confuse,3
P_da_3,cough,1
P_da_6,cough,2
P_da_8,cough,2
P_da_9,cough,3
P_da_13,cough,3
P_da_14,cough,3
P_da_15,cough,3
P_da_16,cough,3
P_da_18,cough,2
P_da_20,cough,3
P_da_23,cough,3
P_da_24,cough,3
P_da_2,crafty,2
P_da_4,crafty,2
P_da_5,crafty,4
P_da_7,crafty,3
P_da_19,crafty,3
P_da_21,crafty,5
P_da_22,crafty,5
P_da_26,crafty,4
P_da_30,crafty,3
P_da_31,crafty,5
P_da_33,crafty,5
P_da_34,crafty,2
P_da_3,crawl,3
P_da_6,crawl,3
P_da_8,crawl,3
P_da_9,crawl,4
P_da_13,crawl,4
P_da_14,crawl,4
P_da_15,crawl,3
P_da_16,crawl,3
P_da_18,crawl,3
P_da_20,crawl,2
P_da_23,crawl,2
P_da_24,crawl,3
P_da_1,create,1
P_da_10,create,2
P_da_11,create,3
P_da_12,create,2
P_da_17,create,2
P_da_25,create,3
P_da_27,create,5
P_da_28,create,3
P_da_29,create,4
P_da_32,create,4
P_da_1,creative,4
P_da_10,creative,2
P_da_11,creative,3
P_da_12,creative,1
P_da_17,creative,4
P_da_25,creative,4
P_da_27,creative,4
P_da_28,creative,3
P_da_29,creative,5
P_da_32,creative,4
P_da_1,decide,2
P_da_10,decide,1
P_da_11,decide,3
P_da_12,decide,2
P_da_17,decide,2
P_da_25,decide,3
P_da_27,decide,3
P_da_28,decide,3
P_da_29,decide,2
P_da_32,decide,4
P_da_1,decisive,1
P_da_10,decisive,2
P_da_11,decisive,3
P_da_12,decisive,2
P_da_17,decisive,2
P_da_25,decisive,2
P_da_27,decisive,3
P_da_28,decisive,3
P_da_29,decisive,4
P_da_32,decisive,3
P_da_3,dedicate,1
P_da_6,dedicate,5
P_da_8,dedicate,3
P_da_9,dedicate,2
P_da_13,dedicate,3
P_da_14,dedicate,5
P_da_15,dedicate,3
P_da_16,dedicate,3
P_da_18,dedicate,2
P_da_20,dedicate,4
P_da_23,dedicate,3
P_da_24,dedicate,3
P_da_3,demand,1
P_da_6,demand,2
P_da_8,demand,4
P_da_9,demand,3
P_da_13,demand,1
P_da_14,demand,4
P_da_15,demand,1
P_da_16,demand,1
P_da_18,demand,1
P_da_20,demand,3
P_da_23,demand,2
P_da_24,demand,3
P_da_3,desperate,2
P_da_6,desperate,3
P_da_8,desperate,4
P_da_9,desperate,3
P_da_13,desperate,4
P_da_14,desperate,4
P_da_15,desperate,3
P_da_16,desperate,5
P_da_18,desperate,4
P_da_20,desperate,3
P_da_23,desperate,3
P_da_24,desperate,3
P_da_3,determine,1
P_da_6,determine,2
P_da_8,determine,2
P_da_9,determine,3
P_da_13,determine,2
P_da_14,determine,2
P_da_15,determine,3
P_da_16,determine,1
P_da_18,determine,2
P_da_20,determine,3
P_da_23,determine,3
P_da_24,determine,3
P_da_3,diligent,1
P_da_6,diligent,3
P_da_8,diligent,2
P_da_9,diligent,2
P_da_13,diligent,1
P_da_14,diligent,2
P_da_15,diligent,1
P_da_16,diligent,1
P_da_18,diligent,3
P_da_20,diligent,3
P_da_23,diligent,4
P_da_24,diligent,3
P_da_3,direct,1
P_da_6,direct,2
P_da_8,direct,2
P_da_9,direct,4
P_da_13,direct,1
P_da_14,direct,3
P_da_15,direct,1
P_da_16,direct,1
P_da_18,direct,1
P_da_20,direct,2
P_da_23,direct,2
P_da_24,direct,3
P_da_2,dirty,1
P_da_4,dirty,3
P_da_5,dirty,2
P_da_7,dirty,3
P_da_19,dirty,5
P_da_21,dirty,1
P_da_22,dirty,2
P_da_26,dirty,2
P_da_30,dirty,3
P_da_31,dirty,1
P_da_33,dirty,3
P_da_34,dirty,2
P_da_2,discover,2
P_da_4,discover,2
P_da_5,discover,2
P_da_7,discover,3
P_da_19,discover,5
P_da_21,discover,3
P_da_22,discover,1
P_da_26,discover,3
P_da_30,discover,3
P_da_31,discover,4
P_da_33,discover,3
P_da_34,discover,2
P_da_2,disobedient,3
P_da_4,disobedient,2
P_da_5,disobedient,2
P_da_7,disobedient,3
P_da_19,disobedient,1
P_da_21,disobedient,2
P_da_22,disobedient,2
P_da_26,disobedient,3
P_da_30,disobedient,3
P_da_31,disobedient,2
P_da_33,disobedient,1
P_da_34,disobedient,2
P_da_1,distract,2
P_da_10,distract,4
P_da_11,distract,3
P_da_12,distract,1
P_da_17,distract,4
P_da_25,distract,3
P_da_27,distract,2
P_da_28,distract,3
P_da_29,distract,2
P_da_32,distract,4
P_da_2,diva,5
P_da_4,diva,5
P_da_5,diva,5
P_da_7,diva,3
P_da_19,diva,5
P_da_21,diva,5
P_da_22,diva,5
P_da_26,diva,3
P_da_30,diva,5
P_da_31,diva,5
P_da_33,diva,5
P_da_34,diva,5
P_da_2,dizzy,3
P_da_4,dizzy,3
P_da_5,dizzy,4
P_da_7,dizzy,3
P_da_19,dizzy,5
P_da_21,dizzy,4
P_da_22,dizzy,4
P_da_26,dizzy,3
P_da_30,dizzy,3
P_da_31,dizzy,3
P_da_33,dizzy,3
P_da_34,dizzy,3
P_da_3,draw,2
P_da_6,draw,3
P_da_8,draw,3
P_da_9,draw,4
P_da_13,draw,2
P_da_14,draw,3
P_da_15,draw,3
P_da_16,draw,5
P_da_18,draw,3
P_da_20,draw,4
P_da_23,draw,3
P_da_24,draw,3
P_da_1,drool,5
P_da_10,drool,3
P_da_11,drool,2
P_da_12,drool,1
P_da_17,drool,3
P_da_25,drool,1
P_da_27,drool,2
P_da_28,drool,3
P_da_29,drool,2
P_da_32,drool,2
P_da_2,eager,3
P_da_4,eager,1
P_da_5,eager,2
P_da_7,eager,4
P_da_19,eager,2
P_da_21,eager,3
P_da_22,eager,2
P_da_26,eager,3
P_da_30,eager,3
P_da_31,eager,2
P_da_33,eager,1
P_da_34,eager,2
P_da_1,emotional,2
P_da_10,emotional,5
P_da_11,emotional,3
P_da_12,emotional,5
P_da_17,emotional,4
P_da_25,emotional,5
P_da_27,emotional,3
P_da_28,emotional,4
P_da_29,emotional,4
P_da_32,emotional,4
P_da_3,empathetic,3
P_da_6,empathetic,5
P_da_8,empathetic,4
P_da_9,empathetic,3
P_da_13,empathetic,4
P_da_14,empathetic,4
P_da_15,empathetic,5
P_da_16,empathetic,5
P_da_18,empathetic,4
P_da_20,empathetic,4
P_da_23,empathetic,5
P_da_24,empathetic,4
P_da_2,energetic,2
P_da_4,energetic,3
P_da_5,energetic,2
P_da_7,energetic,3
P_da_19,energetic,5
P_da_21,energetic,3
P_da_22,energetic,2
P_da_26,energetic,3
P_da_30,energetic,3
P_da_31,energetic,1
P_da_33,energetic,4
P_da_34,energetic,3
P_da_3,energize,2
P_da_6,energize,3
P_da_8,energize,4
P_da_9,energize,2
P_da_13,energize,1
P_da_14,energize,3
P_da_15,energize,3
P_da_16,energize,1
P_da_18,energize,2
P_da_20,energize,2
P_da_23,energize,4
P_da_24,energize,3
P_da_2,enter,3
P_da_4,enter,2
P_da_5,enter,3
P_da_7,enter,3
P_da_19,enter,1
P_da_21,enter,3
P_da_22,enter,2
P_da_26,enter,3
P_da_30,enter,3
P_da_31,enter,3
P_da_33,enter,3
P_da_34,enter,3
P_da_2,entertain,3
P_da_4,entertain,4
P_da_5,entertain,2
P_da_7,entertain,2
P_da_19,entertain,2
P_da_21,entertain,3
P_da_22,entertain,4
P_da_26,entertain,3
P_da_30,entertain,3
P_da_31,entertain,3
P_da_33,entertain,3
P_da_34,entertain,3
P_da_1,envious,4
P_da_10,envious,5
P_da_11,envious,3
P_da_12,envious,4
P_da_17,envious,3
P_da_25,envious,1
P_da_27,envious,3
P_da_28,envious,3
P_da_29,envious,4
P_da_32,envious,2
P_da_1,excitable,3
P_da_10,excitable,5
P_da_11,excitable,3
P_da_12,excitable,5
P_da_17,excitable,3
P_da_25,excitable,3
P_da_27,excitable,2
P_da_28,excitable,3
P_da_29,excitable,4
P_da_32,excitable,4
P_da_1,excite,3
P_da_10,excite,4
P_da_11,excite,3
P_da_12,excite,4
P_da_17,excite,4
P_da_25,excite,3
P_da_27,excite,5
P_da_28,excite,3
P_da_29,excite,4
P_da_32,excite,4
P_da_3,exploration,1
P_da_6,exploration,3
P_da_8,exploration,2
P_da_9,exploration,2
P_da_13,exploration,1
P_da_14,exploration,3
P_da_15,exploration,2
P_da_16,exploration,1
P_da_18,exploration,1
P_da_20,exploration,2
P_da_23,exploration,4
P_da_24,exploration,1
P_da_2,explore,2
P_da_4,explore,2
P_da_5,explore,2
P_da_7,explore,3
P_da_19,explore,5
P_da_21,explore,3
P_da_22,explore,1
P_da_26,explore,3
P_da_30,explore,3
P_da_31,explore,2
P_da_33,explore,1
P_da_34,explore,1
P_da_2,fee,3
P_da_4,fee,4
P_da_5,fee,3
P_da_7,fee,3
P_da_19,fee,1
P_da_21,fee,3
P_da_22,fee,4
P_da_26,fee,3
P_da_30,fee,3
P_da_31,fee,2
P_da_33,fee,3
P_da_34,fee,2
P_da_1,feed,3
P_da_10,feed,1
P_da_11,feed,4
P_da_12,feed,3
P_da_17,feed,4
P_da_25,feed,4
P_da_27,feed,5
P_da_28,feed,3
P_da_29,feed,2
P_da_32,feed,3
P_da_3,female,3
P_da_6,female,5
P_da_8,female,5
P_da_9,female,5
P_da_13,female,5
P_da_14,female,5
P_da_15,female,5
P_da_16,female,5
P_da_18,female,5
P_da_20,female,5
P_da_23,female,5
P_da_24,female,5
P_da_3,flexible,3
P_da_6,flexible,3
P_da_8,flexible,5
P_da_9,flexible,3
P_da_13,flexible,5
P_da_14,flexible,4
P_da_15,flexible,4
P_da_16,flexible,3
P_da_18,flexible,5
P_da_20,flexible,4
P_da_23,flexible,4
P_da_24,flexible,3
P_da_2,focus,3
P_da_4,focus,3
P_da_5,focus,3
P_da_7,focus,4
P_da_19,focus,1
P_da_21,focus,3
P_da_22,focus,3
P_da_26,focus,3
P_da_30,focus,3
P_da_31,focus,1
P_da_33,focus,3
P_da_34,focus,2
P_da_2,fold,3
P_da_4,fold,2
P_da_5,fold,3
P_da_7,fold,2
P_da_19,fold,1
P_da_21,fold,4
P_da_22,fold,5
P_da_26,fold,3
P_da_30,fold,3
P_da_31,fold,3
P_da_33,fold,5
P_da_34,fold,3
P_da_1,forbid,2
P_da_10,forbid,1
P_da_11,forbid,2
P_da_12,forbid,1
P_da_17,forbid,1
P_da_25,forbid,2
P_da_27,forbid,1
P_da_28,forbid,3
P_da_29,forbid,2
P_da_32,forbid,2
P_da_3,forgetful,3
P_da_6,forgetful,4
P_da_8,forgetful,4
P_da_9,forgetful,3
P_da_13,forgetful,4
P_da_14,forgetful,5
P_da_15,forgetful,3
P_da_16,forgetful,3
P_da_18,forgetful,4
P_da_20,forgetful,3
P_da_23,forgetful,2
P_da_24,forgetful,3
P_da_1,fret,4
P_da_10,fret,3
P_da_11,fret,4
P_da_12,fret,5
P_da_17,fret,4
P_da_25,fret,2
P_da_27,fret,3
P_da_28,fret,3
P_da_29,fret,3
P_da_32,fret,4
P_da_2,frustrate,3
P_da_4,frustrate,2
P_da_5,frustrate,4
P_da_7,frustrate,2
P_da_19,frustrate,4
P_da_21,frustrate,2
P_da_22,frustrate,2
P_da_26,frustrate,4
P_da_30,frustrate,3
P_da_31,frustrate,3
P_da_33,frustrate,3
P_da_34,frustrate,3
P_da_3,fussy,4
P_da_6,fussy,4
P_da_8,fussy,5
P_da_9,fussy,4
P_da_13,fussy,5
P_da_14,fussy,5
P_da_15,fussy,5
P_da_16,fussy,5
P_da_18,fussy,5
P_da_20,fussy,3
P_da_23,fussy,4
P_da_24,fussy,4
P_da_3,gather,2
P_da_6,gather,5
P_da_8,gather,4
P_da_9,gather,4
P_da_13,gather,3
P_da_14,gather,5
P_da_15,gather,3
P_da_16,gather,3
P_da_18,gather,4
P_da_20,gather,3
P_da_23,gather,3
P_da_24,gather,3
P_da_2,generous,4
P_da_4,generous,3
P_da_5,generous,4
P_da_7,generous,4
P_da_19,generous,5
P_da_21,generous,4
P_da_22,generous,4
P_da_26,generous,3
P_da_30,generous,3
P_da_31,generous,5
P_da_33,generous,5
P_da_34,generous,4
P_da_1,goofy,4
P_da_10,goofy,4
P_da_11,goofy,3
P_da_12,goofy,3
P_da_17,goofy,3
P_da_25,goofy,2
P_da_27,goofy,3
P_da_28,goofy,3
P_da_29,goofy,4
P_da_32,goofy,3
P_da_1,graceful,4
P_da_10,graceful,2
P_da_11,graceful,4
P_da_12,graceful,3
P_da_17,graceful,5
P_da_25,graceful,5
P_da_27,graceful,4
P_da_28,graceful,5
P_da_29,graceful,4
P_da_32,graceful,4
P_da_3,grateful,4
P_da_6,grateful,5
P_da_8,grateful,4
P_da_9,grateful,3
P_da_13,grateful,5
P_da_14,grateful,4
P_da_15,grateful,5
P_da_16,grateful,4
P_da_18,grateful,5
P_da_20,grateful,3
P_da_23,grateful,3
P_da_24,grateful,3
P_da_2,greedy,3
P_da_4,greedy,3
P_da_5,greedy,2
P_da_7,greedy,2
P_da_19,greedy,1
P_da_21,greedy,2
P_da_22,greedy,1
P_da_26,greedy,3
P_da_30,greedy,3
P_da_31,greedy,1
P_da_33,greedy,2
P_da_34,greedy,1
P_da_1,hardworking,1
P_da_10,hardworking,1
P_da_11,hardworking,3
P_da_12,hardworking,1
P_da_17,hardworking,3
P_da_25,hardworking,2
P_da_27,hardworking,3
P_da_28,hardworking,3
P_da_29,hardworking,2
P_da_32,hardworking,2
P_da_1,haul,4
P_da_10,haul,3
P_da_11,haul,2
P_da_12,haul,1
P_da_17,haul,1
P_da_25,haul,2
P_da_27,haul,2
P_da_28,haul,3
P_da_29,haul,4
P_da_32,haul,2
P_da_2,helpful,3
P_da_4,helpful,4
P_da_5,helpful,3
P_da_7,helpful,3
P_da_19,helpful,5
P_da_21,helpful,4
P_da_22,helpful,4
P_da_26,helpful,4
P_da_30,helpful,3
P_da_31,helpful,4
P_da_33,helpful,5
P_da_34,helpful,4
P_da_2,homesick,5
P_da_4,homesick,4
P_da_5,homesick,4
P_da_7,homesick,3
P_da_19,homesick,3
P_da_21,homesick,4
P_da_22,homesick,4
P_da_26,homesick,3
P_da_30,homesick,4
P_da_31,homesick,3
P_da_33,homesick,5
P_da_34,homesick,4
P_da_1,honest,5
P_da_10,honest,2
P_da_11,honest,3
P_da_12,honest,3
P_da_17,honest,5
P_da_25,honest,4
P_da_27,honest,5
P_da_28,honest,3
P_da_29,honest,4
P_da_32,honest,4
P_da_2,hopeful,3
P_da_4,hopeful,4
P_da_5,hopeful,4
P_da_7,hopeful,3
P_da_19,hopeful,4
P_da_21,hopeful,4
P_da_22,hopeful,4
P_da_26,hopeful,4
P_da_30,hopeful,3
P_da_31,hopeful,4
P_da_33,hopeful,5
P_da_34,hopeful,4
P_da_2,hunt,1
P_da_4,hunt,1
P_da_5,hunt,1
P_da_7,hunt,2
P_da_19,hunt,2
P_da_21,hunt,1
P_da_22,hunt,1
P_da_26,hunt,3
P_da_30,hunt,2
P_da_31,hunt,1
P_da_33,hunt,1
P_da_34,hunt,1
P_da_3,hyper,2
P_da_6,hyper,4
P_da_8,hyper,4
P_da_9,hyper,2
P_da_13,hyper,3
P_da_14,hyper,4
P_da_15,hyper,2
P_da_16,hyper,1
P_da_18,hyper,4
P_da_20,hyper,2
P_da_23,hyper,4
P_da_24,hyper,3
P_da_2,imaginative,3
P_da_4,imaginative,4
P_da_5,imaginative,4
P_da_7,imaginative,4
P_da_19,imaginative,4
P_da_21,imaginative,5
P_da_22,imaginative,2
P_da_26,imaginative,4
P_da_30,imaginative,3
P_da_31,imaginative,4
P_da_33,imaginative,5
P_da_34,imaginative,3
P_da_2,immature,2
P_da_4,immature,2
P_da_5,immature,1
P_da_7,immature,3
P_da_19,immature,4
P_da_21,immature,1
P_da_22,immature,3
P_da_26,immature,3
P_da_30,immature,3
P_da_31,immature,3
P_da_33,immature,2
P_da_34,immature,2
P_da_1,inclusive,2
P_da_10,inclusive,2
P_da_11,inclusive,3
P_da_12,inclusive,5
P_da_17,inclusive,4
P_da_25,inclusive,3
P_da_27,inclusive,4
P_da_28,inclusive,3
P_da_29,inclusive,4
P_da_32,inclusive,2
P_da_3,indecisive,2
P_da_6,indecisive,4
P_da_8,indecisive,4
P_da_9,indecisive,4
P_da_13,indecisive,5
P_da_14,indecisive,3
P_da_15,indecisive,4
P_da_16,indecisive,5
P_da_18,indecisive,4
P_da_20,indecisive,3
P_da_23,indecisive,3
P_da_24,indecisive,3
P_da_1,independent,3
P_da_10,independent,1
P_da_11,independent,3
P_da_12,independent,2
P_da_17,independent,3
P_da_25,independent,3
P_da_27,independent,3
P_da_28,independent,3
P_da_29,independent,4
P_da_32,independent,4
P_da_3,industrious,1
P_da_6,industrious,1
P_da_8,industrious,1
P_da_9,industrious,1
P_da_13,industrious,1
P_da_14,industrious,2
P_da_15,industrious,1
P_da_16,industrious,1
P_da_18,industrious,1
P_da_20,industrious,3
P_da_23,industrious,1
P_da_24,industrious,1
P_da_3,industry,1
P_da_6,industry,1
P_da_8,industry,1
P_da_9,industry,2
P_da_13,industry,1
P_da_14,industry,2
P_da_15,industry,1
P_da_16,industry,1
P_da_18,industry,1
P_da_20,industry,2
P_da_23,industry,4
P_da_24,industry,1
P_da_1,innocent,3
P_da_10,innocent,4
P_da_11,innocent,3
P_da_12,innocent,5
P_da_17,innocent,4
P_da_25,innocent,5
P_da_27,innocent,3
P_da_28,innocent,4
P_da_29,innocent,5
P_da_32,innocent,4
P_da_2,inpatient,2
P_da_4,inpatient,2
P_da_5,inpatient,2
P_da_7,inpatient,3
P_da_19,inpatient,1
P_da_21,inpatient,2
P_da_22,inpatient,3
P_da_26,inpatient,3
P_da_30,inpatient,3
P_da_31,inpatient,4
P_da_33,inpatient,3
P_da_34,inpatient,2
P_da_2,inquisitive,3
P_da_4,inquisitive,2
P_da_5,inquisitive,3
P_da_7,inquisitive,2
P_da_19,inquisitive,1
P_da_21,inquisitive,3
P_da_22,inquisitive,2
P_da_26,inquisitive,4
P_da_30,inquisitive,3
P_da_31,inquisitive,4
P_da_33,inquisitive,5
P_da_34,inquisitive,3
P_da_2,insecure,3
P_da_4,insecure,4
P_da_5,insecure,3
P_da_7,insecure,3
P_da_19,insecure,2
P_da_21,insecure,4
P_da_22,insecure,5
P_da_26,insecure,4
P_da_30,insecure,4
P_da_31,insecure,5
P_da_33,insecure,3
P_da_34,insecure,3
P_da_1,insistent,1
P_da_10,insistent,1
P_da_11,insistent,4
P_da_12,insistent,1
P_da_17,insistent,1
P_da_25,insistent,1
P_da_27,insistent,1
P_da_28,insistent,3
P_da_29,insistent,4
P_da_32,insistent,2
P_da_1,instruct,3
P_da_10,instruct,1
P_da_11,instruct,3
P_da_12,instruct,4
P_da_17,instruct,1
P_da_25,instruct,3
P_da_27,instruct,3
P_da_28,instruct,3
P_da_29,instruct,2
P_da_32,instruct,2
P_da_3,intelligent,3
P_da_6,intelligent,3
P_da_8,intelligent,3
P_da_9,intelligent,3
P_da_13,intelligent,2
P_da_14,intelligent,3
P_da_15,intelligent,2
P_da_16,intelligent,2
P_da_18,intelligent,3
P_da_20,intelligent,3
P_da_23,intelligent,3
P_da_24,intelligent,3
P_da_3,interest,4
P_da_6,interest,3
P_da_8,interest,2
P_da_9,interest,3
P_da_13,interest,3
P_da_14,interest,4
P_da_15,interest,3
P_da_16,interest,3
P_da_18,interest,2
P_da_20,interest,3
P_da_23,interest,3
P_da_24,interest,3
P_da_1,introduce,1
P_da_10,introduce,3
P_da_11,introduce,3
P_da_12,introduce,2
P_da_17,introduce,3
P_da_25,introduce,3
P_da_27,introduce,3
P_da_28,introduce,3
P_da_29,introduce,3
P_da_32,introduce,3
P_da_2,investigate,2
P_da_4,investigate,2
P_da_5,investigate,4
P_da_7,investigate,2
P_da_19,investigate,5
P_da_21,investigate,3
P_da_22,investigate,2
P_da_26,investigate,3
P_da_30,investigate,3
P_da_31,investigate,3
P_da_33,investigate,3
P_da_34,investigate,2
P_da_3,irritate,2
P_da_6,irritate,2
P_da_8,irritate,3
P_da_9,irritate,2
P_da_13,irritate,2
P_da_14,irritate,4
P_da_15,irritate,3
P_da_16,irritate,2
P_da_18,irritate,3
P_da_20,irritate,3
P_da_23,irritate,2
P_da_24,irritate,2
P_da_3,jovial,2
P_da_6,jovial,3
P_da_8,jovial,1
P_da_9,jovial,4
P_da_13,jovial,3
P_da_14,jovial,5
P_da_15,jovial,4
P_da_16,jovial,3
P_da_18,jovial,4
P_da_20,jovial,3
P_da_23,jovial,4
P_da_24,jovial,3
P_da_2,joyful,4
P_da_4,joyful,4
P_da_5,joyful,4
P_da_7,joyful,4
P_da_19,joyful,2
P_da_21,joyful,3
P_da_22,joyful,4
P_da_26,joyful,5
P_da_30,joyful,3
P_da_31,joyful,4
P_da_33,joyful,5
P_da_34,joyful,3
P_da_1,knead,3
P_da_10,knead,3
P_da_11,knead,4
P_da_12,knead,4
P_da_17,knead,5
P_da_25,knead,4
P_da_27,knead,3
P_da_28,knead,3
P_da_29,knead,5
P_da_32,knead,4
P_da_1,laugh,3
P_da_10,laugh,5
P_da_11,laugh,3
P_da_12,laugh,3
P_da_17,laugh,3
P_da_25,laugh,4
P_da_27,laugh,4
P_da_28,laugh,3
P_da_29,laugh,4
P_da_32,laugh,3
P_da_2,learn,2
P_da_4,learn,3
P_da_5,learn,3
P_da_7,learn,3
P_da_19,learn,5
P_da_21,learn,3
P_da_22,learn,2
P_da_26,learn,4
P_da_30,learn,3
P_da_31,learn,3
P_da_33,learn,3
P_da_34,learn,3
P_da_3,lie,2
P_da_6,lie,2
P_da_8,lie,3
P_da_9,lie,4
P_da_13,lie,4
P_da_14,lie,4
P_da_15,lie,3
P_da_16,lie,3
P_da_18,lie,2
P_da_20,lie,2
P_da_23,lie,1
P_da_24,lie,3
P_da_2,lighthearted,4
P_da_4,lighthearted,3
P_da_5,lighthearted,5
P_da_7,lighthearted,3
P_da_19,lighthearted,2
P_da_21,lighthearted,3
P_da_22,lighthearted,4
P_da_26,lighthearted,4
P_da_30,lighthearted,3
P_da_31,lighthearted,4
P_da_33,lighthearted,5
P_da_34,lighthearted,4
P_da_1,lively,3
P_da_10,lively,5
P_da_11,lively,3
P_da_12,lively,4
P_da_17,lively,4
P_da_25,lively,3
P_da_27,lively,4
P_da_28,lively,3
P_da_29,lively,4
P_da_32,lively,4
P_da_3,manly,1
P_da_6,manly,1
P_da_8,manly,1
P_da_9,manly,1
P_da_13,manly,1
P_da_14,manly,1
P_da_15,manly,1
P_da_16,manly,1
P_da_18,manly,1
P_da_20,manly,1
P_da_23,manly,1
P_da_24,manly,1
P_da_3,mature,2
P_da_6,mature,3
P_da_8,mature,3
P_da_9,mature,3
P_da_13,mature,3
P_da_14,mature,2
P_da_15,mature,3
P_da_16,mature,3
P_da_18,mature,3
P_da_20,mature,4
P_da_23,mature,5
P_da_24,mature,3
P_da_2,meow,5
P_da_4,meow,5
P_da_5,meow,5
P_da_7,meow,5
P_da_19,meow,2
P_da_21,meow,4
P_da_22,meow,5
P_da_26,meow,4
P_da_30,meow,3
P_da_31,meow,3
P_da_33,meow,1
P_da_34,meow,5
P_da_2,meows,4
P_da_4,meows,4
P_da_5,meows,5
P_da_7,meows,4
P_da_19,meows,2
P_da_21,meows,5
P_da_22,meows,5
P_da_26,meows,3
P_da_30,meows,3
P_da_31,meows,3
P_da_33,meows,3
P_da_34,meows,5
P_da_1,misbehave,3
P_da_10,misbehave,4
P_da_11,misbehave,3
P_da_12,misbehave,1
P_da_17,misbehave,1
P_da_25,misbehave,2
P_da_27,misbehave,3
P_da_28,misbehave,3
P_da_29,misbehave,2
P_da_32,misbehave,2
P_da_1,mischievous,2
P_da_10,mischievous,4
P_da_11,mischievous,2
P_da_12,mischievous,3
P_da_17,mischievous,4
P_da_25,mischievous,2
P_da_27,mischievous,2
P_da_28,mischievous,3
P_da_29,mischievous,4
P_da_32,mischievous,4
P_da_3,mix,3
P_da_6,mix,3
P_da_8,mix,3
P_da_9,mix,4
P_da_13,mix,3
P_da_14,mix,4
P_da_15,mix,3
P_da_16,mix,3
P_da_18,mix,3
P_da_20,mix,3
P_da_23,mix,3
P_da_24,mix,3
P_da_3,moan,2
P_da_6,moan,5
P_da_8,moan,4
P_da_9,moan,5
P_da_13,moan,5
P_da_14,moan,3
P_da_15,moan,5
P_da_16,moan,5
P_da_18,moan,4
P_da_20,moan,3
P_da_23,moan,3
P_da_24,moan,3
P_da_2,motherly,5
P_da_4,motherly,5
P_da_5,motherly,5
P_da_7,motherly,4
P_da_19,motherly,1
P_da_21,motherly,5
P_da_22,motherly,5
P_da_26,motherly,4
P_da_30,motherly,5
P_da_31,motherly,5
P_da_33,motherly,5
P_da_34,motherly,5
P_da_1,naive,5
P_da_10,naive,4
P_da_11,naive,3
P_da_12,naive,5
P_da_17,naive,4
P_da_25,naive,4
P_da_27,naive,3
P_da_28,naive,3
P_da_29,naive,5
P_da_32,naive,4
P_da_2,neat,5
P_da_4,neat,4
P_da_5,neat,5
P_da_7,neat,2
P_da_19,neat,4
P_da_21,neat,5
P_da_22,neat,4
P_da_26,neat,3
P_da_30,neat,3
P_da_31,neat,3
P_da_33,neat,5
P_da_34,neat,4
P_da_3,needy,4
P_da_6,needy,4
P_da_8,needy,4
P_da_9,needy,4
P_da_13,needy,5
P_da_14,needy,5
P_da_15,needy,4
P_da_16,needy,5
P_da_18,needy,4
P_da_20,needy,3
P_da_23,needy,3
P_da_24,needy,3
P_da_1,nervous,4
P_da_10,nervous,4
P_da_11,nervous,3
P_da_12,nervous,4
P_da_17,nervous,4
P_da_25,nervous,3
P_da_27,nervous,3
P_da_28,nervous,3
P_da_29,nervous,5
P_da_32,nervous,4
P_da_2,nod,2
P_da_4,nod,2
P_da_5,nod,4
P_da_7,nod,2
P_da_19,nod,2
P_da_21,nod,3
P_da_22,nod,4
P_da_26,nod,3
P_da_30,nod,3
P_da_31,nod,2
P_da_33,nod,1
P_da_34,nod,3
P_da_1,nostalgic,4
P_da_10,nostalgic,4
P_da_11,nostalgic,3
P_da_12,nostalgic,4
P_da_17,nostalgic,5
P_da_25,nostalgic,4
P_da_27,nostalgic,3
P_da_28,nostalgic,3
P_da_29,nostalgic,4
P_da_32,nostalgic,4
P_da_1,nurture,4
P_da_10,nurture,4
P_da_11,nurture,5
P_da_12,nurture,5
P_da_17,nurture,5
P_da_25,nurture,5
P_da_27,nurture,4
P_da_28,nurture,4
P_da_29,nurture,5
P_da_32,nurture,4
P_da_2,obedient,3
P_da_4,obedient,4
P_da_5,obedient,4
P_da_7,obedient,3
P_da_19,obedient,4
P_da_21,obedient,3
P_da_22,obedient,4
P_da_26,obedient,4
P_da_30,obedient,4
P_da_31,obedient,3
P_da_33,obedient,3
P_da_34,obedient,3
P_da_3,oblivious,2
P_da_6,oblivious,2
P_da_8,oblivious,4
P_da_9,oblivious,3
P_da_13,oblivious,3
P_da_14,oblivious,5
P_da_15,oblivious,4
P_da_16,oblivious,3
P_da_18,oblivious,4
P_da_20,oblivious,3
P_da_23,oblivious,2
P_da_24,oblivious,3
P_da_3,observant,2
P_da_6,observant,4
P_da_8,observant,2
P_da_9,observant,2
P_da_13,observant,2
P_da_14,observant,3
P_da_15,observant,4
P_da_16,observant,1
P_da_18,observant,3
P_da_20,observant,3
P_da_23,observant,5
P_da_24,observant,3
P_da_3,observe,2
P_da_6,observe,4
P_da_8,observe,4
P_da_9,observe,2
P_da_13,observe,2
P_da_14,observe,5
P_da_15,observe,3
P_da_16,observe,2
P_da_18,observe,1
P_da_20,observe,3
P_da_23,observe,3
P_da_24,observe,3
P_da_2,offer,3
P_da_4,offer,4
P_da_5,offer,3
P_da_7,offer,4
P_da_19,offer,1
P_da_21,offer,3
P_da_22,offer,4
P_da_26,offer,3
P_da_30,offer,3
P_da_31,offer,4
P_da_33,offer,3
P_da_34,offer,3
P_da_2,oink,2
P_da_4,oink,2
P_da_5,oink,3
P_da_7,oink,2
P_da_19,oink,5
P_da_21,oink,2
P_da_22,oink,4
P_da_26,oink,2
P_da_30,oink,3
P_da_31,oink,3
P_da_33,oink,3
P_da_34,oink,2
P_da_1,oinks,4
P_da_10,oinks,2
P_da_11,oinks,3
P_da_12,oinks,3
P_da_17,oinks,1
P_da_25,oinks,1
P_da_27,oinks,3
P_da_28,oinks,3
P_da_29,oinks,4
P_da_32,oinks,3
P_da_1,optimistic,3
P_da_10,optimistic,2
P_da_11,optimistic,3
P_da_12,optimistic,5
P_da_17,optimistic,5
P_da_25,optimistic,4
P_da_27,optimistic,3
P_da_28,optimistic,3
P_da_29,optimistic,4
P_da_32,optimistic,4
P_da_1,outgoing,4
P_da_10,outgoing,5
P_da_11,outgoing,3
P_da_12,outgoing,5
P_da_17,outgoing,5
P_da_25,outgoing,2
P_da_27,outgoing,3
P_da_28,outgoing,3
P_da_29,outgoing,4
P_da_32,outgoing,3
P_da_3,parental,3
P_da_6,parental,4
P_da_8,parental,4
P_da_9,parental,5
P_da_13,parental,4
P_da_14,parental,4
P_da_15,parental,4
P_da_16,parental,4
P_da_18,parental,3
P_da_20,parental,4
P_da_23,parental,3
P_da_24,parental,3
P_da_2,paw,3
P_da_4,paw,2
P_da_5,paw,1
P_da_7,paw,2
P_da_19,paw,4
P_da_21,paw,3
P_da_22,paw,1
P_da_26,paw,2
P_da_30,paw,3
P_da_31,paw,3
P_da_33,paw,1
P_da_34,paw,2
P_da_1,pay,2
P_da_10,pay,2
P_da_11,pay,3
P_da_12,pay,1
P_da_17,pay,2
P_da_25,pay,2
P_da_27,pay,2
P_da_28,pay,3
P_da_29,pay,5
P_da_32,pay,3
P_da_3,perseverance,2
P_da_6,perseverance,4
P_da_8,perseverance,2
P_da_9,perseverance,1
P_da_13,perseverance,1
P_da_14,perseverance,4
P_da_15,perseverance,1
P_da_16,perseverance,1
P_da_18,perseverance,5
P_da_20,perseverance,3
P_da_23,perseverance,3
P_da_24,perseverance,3
P_da_3,persistent,1
P_da_6,persistent,4
P_da_8,persistent,2
P_da_9,persistent,2
P_da_13,persistent,1
P_da_14,persistent,4
P_da_15,persistent,1
P_da_16,persistent,1
P_da_18,persistent,5
P_da_20,persistent,3
P_da_23,persistent,4
P_da_24,persistent,3
P_da_3,picky,3
P_da_6,picky,3
P_da_8,picky,4
P_da_9,picky,5
P_da_13,picky,5
P_da_14,picky,3
P_da_15,picky,4
P_da_16,picky,5
P_da_18,picky,4
P_da_20,picky,3
P_da_23,picky,4
P_da_24,picky,4
P_da_2,pilot,3
P_da_4,pilot,3
P_da_5,pilot,2
P_da_7,pilot,3
P_da_19,pilot,2
P_da_21,pilot,3
P_da_22,pilot,1
P_da_26,pilot,2
P_da_30,pilot,3
P_da_31,pilot,2
P_da_33,pilot,1
P_da_34,pilot,2
P_da_3,pitch,3
P_da_6,pitch,2
P_da_8,pitch,2
P_da_9,pitch,1
P_da_13,pitch,2
P_da_14,pitch,2
P_da_15,pitch,3
P_da_16,pitch,5
P_da_18,pitch,4
P_da_20,pitch,3
P_da_23,pitch,2
P_da_24,pitch,3
P_da_3,playful,5
P_da_6,playful,5
P_da_8,playful,4
P_da_9,playful,5
P_da_13,playful,4
P_da_14,playful,4
P_da_15,playful,4
P_da_16,playful,5
P_da_18,playful,3
P_da_20,playful,3
P_da_23,playful,4
P_da_24,playful,3
P_da_1,poke,3
P_da_10,poke,3
P_da_11,poke,3
P_da_12,poke,1
P_da_17,poke,2
P_da_25,poke,1
P_da_27,poke,2
P_da_28,poke,3
P_da_29,poke,4
P_da_32,poke,2
P_da_2,polite,3
P_da_4,polite,4
P_da_5,polite,4
P_da_7,polite,3
P_da_19,polite,2
P_da_21,polite,4
P_da_22,polite,4
P_da_26,polite,5
P_da_30,polite,3
P_da_31,polite,4
P_da_33,polite,5
P_da_34,polite,4
P_da_3,pooped,2
P_da_6,pooped,2
P_da_8,pooped,2
P_da_9,pooped,4
P_da_13,pooped,3
P_da_14,pooped,4
P_da_15,pooped,3
P_da_16,pooped,3
P_da_18,pooped,4
P_da_20,pooped,3
P_da_23,pooped,2
P_da_24,pooped,3
P_da_2,pour,3
P_da_4,pour,4
P_da_5,pour,3
P_da_7,pour,4
P_da_19,pour,2
P_da_21,pour,3
P_da_22,pour,3
P_da_26,pour,3
P_da_30,pour,3
P_da_31,pour,3
P_da_33,pour,3
P_da_34,pour,2
P_da_1,pretend,5
P_da_10,pretend,4
P_da_11,pretend,3
P_da_12,pretend,4
P_da_17,pretend,4
P_da_25,pretend,3
P_da_27,pretend,3
P_da_28,pretend,3
P_da_29,pretend,5
P_da_32,pretend,2
P_da_2,productive,2
P_da_4,productive,3
P_da_5,productive,3
P_da_7,productive,2
P_da_19,productive,5
P_da_21,productive,3
P_da_22,productive,2
P_da_26,productive,5
P_da_30,productive,2
P_da_31,productive,1
P_da_33,productive,5
P_da_34,productive,3
P_da_1,provide,1
P_da_10,provide,2
P_da_11,provide,4
P_da_12,provide,1
P_da_17,provide,2
P_da_25,provide,2
P_da_27,provide,2
P_da_28,provide,3
P_da_29,provide,5
P_da_32,provide,4
P_da_3,puffy,3
P_da_6,puffy,4
P_da_8,puffy,5
P_da_9,puffy,1
P_da_13,puffy,5
P_da_14,puffy,3
P_da_15,puffy,3
P_da_16,puffy,3
P_da_18,puffy,4
P_da_20,puffy,4
P_da_23,puffy,4
P_da_24,puffy,3
P_da_2,punch,1
P_da_4,punch,2
P_da_5,punch,1
P_da_7,punch,3
P_da_19,punch,2
P_da_21,punch,1
P_da_22,punch,1
P_da_26,punch,2
P_da_30,punch,2
P_da_31,punch,1
P_da_33,punch,2
P_da_34,punch,1
P_da_3,push,2
P_da_6,push,3
P_da_8,push,2
P_da_9,push,4
P_da_13,push,2
P_da_14,push,2
P_da_15,push,1
P_da_16,push,1
P_da_18,push,2
P_da_20,push,3
P_da_23,push,2
P_da_24,push,3
P_da_3,race,3
P_da_6,race,3
P_da_8,race,2
P_da_9,race,2
P_da_13,race,3
P_da_14,race,3
P_da_15,race,3
P_da_16,race,3
P_da_18,race,3
P_da_20,race,3
P_da_23,race,2
P_da_24,race,3
P_da_1,raise,2
P_da_10,raise,2
P_da_11,raise,3
P_da_12,raise,4
P_da_17,raise,5
P_da_25,raise,2
P_da_27,raise,5
P_da_28,raise,3
P_da_29,raise,2
P_da_32,raise,2
P_da_3,reckless,1
P_da_6,reckless,2
P_da_8,reckless,1
P_da_9,reckless,1
P_da_13,reckless,1
P_da_14,reckless,4
P_da_15,reckless,2
P_da_16,reckless,1
P_da_18,reckless,1
P_da_20,reckless,3
P_da_23,reckless,1
P_da_24,reckless,2
P_da_2,relax,4
P_da_4,relax,3
P_da_5,relax,4
P_da_7,relax,3
P_da_19,relax,2
P_da_21,relax,2
P_da_22,relax,3
P_da_26,relax,3
P_da_30,relax,3
P_da_31,relax,4
P_da_33,relax,5
P_da_34,relax,3
P_da_2,reserve,3
P_da_4,reserve,4
P_da_5,reserve,4
P_da_7,reserve,4
P_da_19,reserve,4
P_da_21,reserve,3
P_da_22,reserve,2
P_da_26,reserve,3
P_da_30,reserve,3
P_da_31,reserve,2
P_da_33,reserve,2
P_da_34,reserve,2
P_da_1,resourceful,2
P_da_10,resourceful,1
P_da_11,resourceful,3
P_da_12,resourceful,1
P_da_17,resourceful,4
P_da_25,resourceful,3
P_da_27,resourceful,3
P_da_28,resourceful,3
P_da_29,resourceful,4
P_da_32,resourceful,4
P_da_1,respectful,4
P_da_10,respectful,2
P_da_11,respectful,3
P_da_12,respectful,2
P_da_17,respectful,5
P_da_25,respectful,3
P_da_27,respectful,4
P_da_28,respectful,3
P_da_29,respectful,3
P_da_32,respectful,4
P_da_2,responsible,4
P_da_4,responsible,3
P_da_5,responsible,3
P_da_7,responsible,3
P_da_19,responsible,5
P_da_21,responsible,4
P_da_22,responsible,2
P_da_26,responsible,3
P_da_30,responsible,3
P_da_31,responsible,2
P_da_33,responsible,5
P_da_34,responsible,3
P_da_2,return,4
P_da_4,return,2
P_da_5,return,3
P_da_7,return,3
P_da_19,return,2
P_da_21,return,3
P_da_22,return,2
P_da_26,return,3
P_da_30,return,3
P_da_31,return,4
P_da_33,return,3
P_da_34,return,3
P_da_3,rub,3
P_da_6,rub,3
P_da_8,rub,2
P_da_9,rub,4
P_da_13,rub,4
P_da_14,rub,4
P_da_15,rub,3
P_da_16,rub,5
P_da_18,rub,1
P_da_20,rub,3
P_da_23,rub,2
P_da_24,rub,3
P_da_1,scare,2
P_da_10,scare,4
P_da_11,scare,3
P_da_12,scare,1
P_da_17,scare,1
P_da_25,scare,2
P_da_27,scare,3
P_da_28,scare,3
P_da_29,scare,2
P_da_32,scare,3
P_da_1,scold,1
P_da_10,scold,4
P_da_11,scold,3
P_da_12,scold,5
P_da_17,scold,1
P_da_25,scold,3
P_da_27,scold,3
P_da_28,scold,3
P_da_29,scold,2
P_da_32,scold,2
P_da_3,scream,4
P_da_6,scream,3
P_da_8,scream,3
P_da_9,scream,4
P_da_13,scream,5
P_da_14,scream,5
P_da_15,scream,3
P_da_16,scream,5
P_da_18,scream,4
P_da_20,scream,3
P_da_23,scream,4
P_da_24,scream,4
P_da_2,scruffy,1
P_da_4,scruffy,2
P_da_5,scruffy,3
P_da_7,scruffy,2
P_da_19,scruffy,4
P_da_21,scruffy,2
P_da_22,scruffy,1
P_da_26,scruffy,2
P_da_30,scruffy,1
P_da_31,scruffy,2
P_da_33,scruffy,1
P_da_34,scruffy,1
P_da_3,search,2
P_da_6,search,3
P_da_8,search,3
P_da_9,search,1
P_da_13,search,2
P_da_14,search,4
P_da_15,search,3
P_da_16,search,3
P_da_18,search,2
P_da_20,search,3
P_da_23,search,3
P_da_24,search,3
P_da_1,secretive,4
P_da_10,secretive,5
P_da_11,secretive,3
P_da_12,secretive,5
P_da_17,secretive,2
P_da_25,secretive,4
P_da_27,secretive,2
P_da_28,secretive,3
P_da_29,secretive,4
P_da_32,secretive,4
P_da_3,self,4
P_da_6,self,5
P_da_8,self,3
P_da_9,self,5
P_da_13,self,3
P_da_14,self,4
P_da_15,self,3
P_da_16,self,4
P_da_18,self,3
P_da_20,self,3
P_da_23,self,3
P_da_24,self,3
P_da_2,selfish,3
P_da_4,selfish,3
P_da_5,selfish,4
P_da_7,selfish,3
P_da_19,selfish,1
P_da_21,selfish,2
P_da_22,selfish,3
P_da_26,selfish,3
P_da_30,selfish,3
P_da_31,selfish,2
P_da_33,selfish,1
P_da_34,selfish,2
P_da_2,selfless,3
P_da_4,selfless,4
P_da_5,selfless,4
P_da_7,selfless,3
P_da_19,selfless,4
P_da_21,selfless,4
P_da_22,selfless,3
P_da_26,selfless,3
P_da_30,selfless,3
P_da_31,selfless,5
P_da_33,selfless,5
P_da_34,selfless,4
P_da_1,serious,5
P_da_10,serious,2
P_da_11,serious,3
P_da_12,serious,2
P_da_17,serious,2
P_da_25,serious,2
P_da_27,serious,2
P_da_28,serious,3
P_da_29,serious,5
P_da_32,serious,4
P_da_3,setup,3
P_da_6,setup,3
P_da_8,setup,2
P_da_9,setup,2
P_da_13,setup,2
P_da_14,setup,4
P_da_15,setup,3
P_da_16,setup,4
P_da_18,setup,2
P_da_20,setup,3
P_da_23,setup,3
P_da_24,setup,3
P_da_2,shine,4
P_da_4,shine,4
P_da_5,shine,4
P_da_7,shine,4
P_da_19,shine,4
P_da_21,shine,3
P_da_22,shine,4
P_da_26,shine,3
P_da_30,shine,4
P_da_31,shine,3
P_da_33,shine,5
P_da_34,shine,3
P_da_1,shove,2
P_da_10,shove,2
P_da_11,shove,2
P_da_12,shove,1
P_da_17,shove,1
P_da_25,shove,2
P_da_27,shove,1
P_da_28,shove,1
P_da_29,shove,2
P_da_32,shove,2
P_da_3,simple,3
P_da_6,simple,4
P_da_8,simple,3
P_da_9,simple,4
P_da_13,simple,3
P_da_14,simple,4
P_da_15,simple,3
P_da_16,simple,2
P_da_18,simple,2
P_da_20,simple,3
P_da_23,simple,2
P_da_24,simple,3
P_da_3,singer,3
P_da_6,singer,3
P_da_8,singer,1
P_da_9,singer,4
P_da_13,singer,4
P_da_14,singer,4
P_da_15,singer,3
P_da_16,singer,4
P_da_18,singer,4
P_da_20,singer,3
P_da_23,singer,4
P_da_24,singer,2
P_da_2,skip,3
P_da_4,skip,3
P_da_5,skip,3
P_da_7,skip,2
P_da_19,skip,3
P_da_21,skip,4
P_da_22,skip,5
P_da_26,skip,3
P_da_30,skip,4
P_da_31,skip,3
P_da_33,skip,1
P_da_34,skip,3
P_da_1,sleepy,4
P_da_10,sleepy,3
P_da_11,sleepy,3
P_da_12,sleepy,5
P_da_17,sleepy,4
P_da_25,sleepy,3
P_da_27,sleepy,3
P_da_28,sleepy,3
P_da_29,sleepy,5
P_da_32,sleepy,3
P_da_2,smelly,2
P_da_4,smelly,2
P_da_5,smelly,1
P_da_7,smelly,4
P_da_19,smelly,1
P_da_21,smelly,1
P_da_22,smelly,2
P_da_26,smelly,2
P_da_30,smelly,2
P_da_31,smelly,3
P_da_33,smelly,2
P_da_34,smelly,2
P_da_3,snap,2
P_da_6,snap,4
P_da_8,snap,4
P_da_9,snap,4
P_da_13,snap,3
P_da_14,snap,2
P_da_15,snap,3
P_da_16,snap,3
P_da_18,snap,3
P_da_20,snap,3
P_da_23,snap,1
P_da_24,snap,3
P_da_3,sniff,3
P_da_6,sniff,3
P_da_8,sniff,3
P_da_9,sniff,2
P_da_13,sniff,3
P_da_14,sniff,2
P_da_15,sniff,3
P_da_16,sniff,3
P_da_18,sniff,2
P_da_20,sniff,3
P_da_23,sniff,3
P_da_24,sniff,3
P_da_1,sniffle,5
P_da_10,sniffle,3
P_da_11,sniffle,3
P_da_12,sniffle,5
P_da_17,sniffle,4
P_da_25,sniffle,5
P_da_27,sniffle,3
P_da_28,sniffle,4
P_da_29,sniffle,4
P_da_32,sniffle,4
P_da_1,snug,4
P_da_10,snug,2
P_da_11,snug,2
P_da_12,snug,3
P_da_17,snug,4
P_da_25,snug,4
P_da_27,snug,4
P_da_28,snug,3
P_da_29,snug,5
P_da_32,snug,4
P_da_1,socialize,3
P_da_10,socialize,5
P_da_11,socialize,4
P_da_12,socialize,4
P_da_17,socialize,5
P_da_25,socialize,4
P_da_27,socialize,3
P_da_28,socialize,3
P_da_29,socialize,4
P_da_32,socialize,4
P_da_2,spread,3
P_da_4,spread,4
P_da_5,spread,3
P_da_7,spread,4
P_da_19,spread,5
P_da_21,spread,3
P_da_22,spread,2
P_da_26,spread,3
P_da_30,spread,3
P_da_31,spread,4
P_da_33,spread,5
P_da_34,spread,4
P_da_3,squirt,4
P_da_6,squirt,4
P_da_8,squirt,4
P_da_9,squirt,2
P_da_13,squirt,4
P_da_14,squirt,4
P_da_15,squirt,5
P_da_16,squirt,5
P_da_18,squirt,5
P_da_20,squirt,3
P_da_23,squirt,2
P_da_24,squirt,3
P_da_2,stair,3
P_da_4,stair,2
P_da_5,stair,3
P_da_7,stair,2
P_da_19,stair,1
P_da_21,stair,3
P_da_22,stair,3
P_da_26,stair,3
P_da_30,stair,3
P_da_31,stair,3
P_da_33,stair,3
P_da_34,stair,3
P_da_1,stamp,4
P_da_10,stamp,2
P_da_11,stamp,3
P_da_12,stamp,1
P_da_17,stamp,3
P_da_25,stamp,3
P_da_27,stamp,2
P_da_28,stamp,3
P_da_29,stamp,2
P_da_32,stamp,3
P_da_1,stare,5
P_da_10,stare,4
P_da_11,stare,2
P_da_12,stare,3
P_da_17,stare,3
P_da_25,stare,2
P_da_27,stare,1
P_da_28,stare,3
P_da_29,stare,4
P_da_32,stare,3
P_da_3,steer,3
P_da_6,steer,1
P_da_8,steer,1
P_da_9,steer,1
P_da_13,steer,1
P_da_14,steer,4
P_da_15,steer,1
P_da_16,steer,1
P_da_18,steer,1
P_da_20,steer,3
P_da_23,steer,2
P_da_24,steer,3
P_da_3,stomp,1
P_da_6,stomp,2
P_da_8,stomp,1
P_da_9,stomp,1
P_da_13,stomp,1
P_da_14,stomp,2
P_da_15,stomp,1
P_da_16,stomp,1
P_da_18,stomp,1
P_da_20,stomp,3
P_da_23,stomp,1
P_da_24,stomp,3
P_da_2,stretch,3
P_da_4,stretch,3
P_da_5,stretch,2
P_da_7,stretch,3
P_da_19,stretch,4
P_da_21,stretch,4
P_da_22,stretch,4
P_da_26,stretch,3
P_da_30,stretch,3
P_da_31,stretch,2
P_da_33,stretch,3
P_da_34,stretch,3
P_da_3,strict,1
P_da_6,strict,1
P_da_8,strict,1
P_da_9,strict,3
P_da_13,strict,1
P_da_14,strict,2
P_da_15,strict,2
P_da_16,strict,1
P_da_18,strict,2
P_da_20,strict,2
P_da_23,strict,2
P_da_24,strict,4
P_da_2,stroll,4
P_da_4,stroll,1
P_da_5,stroll,4
P_da_7,stroll,4
P_da_19,stroll,1
P_da_21,stroll,3
P_da_22,stroll,5
P_da_26,stroll,3
P_da_30,stroll,3
P_da_31,stroll,3
P_da_33,stroll,5
P_da_34,stroll,3
P_da_2,strut,1
P_da_4,strut,1
P_da_5,strut,5
P_da_7,strut,2
P_da_19,strut,4
P_da_21,strut,1
P_da_22,strut,5
P_da_26,strut,2
P_da_30,strut,1
P_da_31,strut,2
P_da_33,strut,1
P_da_34,strut,2
P_da_3,stubborn,2
P_da_6,stubborn,2
P_da_8,stubborn,1
P_da_9,stubborn,5
P_da_13,stubborn,1
P_da_14,stubborn,4
P_da_15,stubborn,2
P_da_16,stubborn,4
P_da_18,stubborn,3
P_da_20,stubborn,3
P_da_23,stubborn,2
P_da_24,stubborn,3
P_da_1,studious,2
P_da_10,studious,2
P_da_11,studious,2
P_da_12,studious,1
P_da_17,studious,2
P_da_25,studious,3
P_da_27,studious,4
P_da_28,studious,3
P_da_29,studious,5
P_da_32,studious,2
P_da_1,supportive,2
P_da_10,supportive,2
P_da_11,supportive,4
P_da_12,supportive,5
P_da_17,supportive,5
P_da_25,supportive,4
P_da_27,supportive,4
P_da_28,supportive,3
P_da_29,supportive,2
P_da_32,supportive,4
P_da_1,sweep,2
P_da_10,sweep,4
P_da_11,sweep,3
P_da_12,sweep,4
P_da_17,sweep,4
P_da_25,sweep,3
P_da_27,sweep,3
P_da_28,sweep,3
P_da_29,sweep,5
P_da_32,sweep,3
P_da_1,swing,4
P_da_10,swing,3
P_da_11,swing,2
P_da_12,swing,3
P_da_17,swing,2
P_da_25,swing,3
P_da_27,swing,2
P_da_28,swing,3
P_da_29,swing,2
P_da_32,swing,3
P_da_3,talented,3
P_da_6,talented,3
P_da_8,talented,2
P_da_9,talented,3
P_da_13,talented,3
P_da_14,talented,2
P_da_15,talented,3
P_da_16,talented,3
P_da_18,talented,3
P_da_20,talented,3
P_da_23,talented,3
P_da_24,talented,3
P_da_3,talkative,2
P_da_6,talkative,4
P_da_8,talkative,4
P_da_9,talkative,5
P_da_13,talkative,5
P_da_14,talkative,4
P_da_15,talkative,4
P_da_16,talkative,5
P_da_18,talkative,4
P_da_20,talkative,3
P_da_23,talkative,4
P_da_24,talkative,4
P_da_2,thankful,4
P_da_4,thankful,4
P_da_5,thankful,3
P_da_7,thankful,2
P_da_19,thankful,3
P_da_21,thankful,3
P_da_22,thankful,4
P_da_26,thankful,3
P_da_30,thankful,3
P_da_31,thankful,4
P_da_33,thankful,5
P_da_34,thankful,3
P_da_3,thirsty,2
P_da_6,thirsty,3
P_da_8,thirsty,4
P_da_9,thirsty,2
P_da_13,thirsty,3
P_da_14,thirsty,4
P_da_15,thirsty,3
P_da_16,thirsty,1
P_da_18,thirsty,4
P_da_20,thirsty,3
P_da_23,thirsty,3
P_da_24,thirsty,3
P_da_1,thoughtful,3
P_da_10,thoughtful,2
P_da_11,thoughtful,3
P_da_12,thoughtful,4
P_da_17,thoughtful,4
P_da_25,thoughtful,3
P_da_27,thoughtful,4
P_da_28,thoughtful,3
P_da_29,thoughtful,2
P_da_32,thoughtful,4
P_da_1,thrill,2
P_da_10,thrill,3
P_da_11,thrill,3
P_da_12,thrill,2
P_da_17,thrill,2
P_da_25,thrill,3
P_da_27,thrill,3
P_da_28,thrill,3
P_da_29,thrill,4
P_da_32,thrill,2
P_da_3,timid,4
P_da_6,timid,4
P_da_8,timid,4
P_da_9,timid,5
P_da_13,timid,5
P_da_14,timid,3
P_da_15,timid,5
P_da_16,timid,4
P_da_18,timid,4
P_da_20,timid,3
P_da_23,timid,5
P_da_24,timid,4
P_da_1,travel,3
P_da_10,travel,4
P_da_11,travel,3
P_da_12,travel,2
P_da_17,travel,4
P_da_25,travel,3
P_da_27,travel,3
P_da_28,travel,3
P_da_29,travel,2
P_da_32,travel,3
P_da_2,trim,2
P_da_4,trim,4
P_da_5,trim,2
P_da_7,trim,3
P_da_19,trim,4
P_da_21,trim,3
P_da_22,trim,4
P_da_26,trim,3
P_da_30,trim,3
P_da_31,trim,1
P_da_33,trim,3
P_da_34,trim,4
P_da_2,tromp,3
P_da_4,tromp,1
P_da_5,tromp,2
P_da_7,tromp,2
P_da_19,tromp,1
P_da_21,tromp,1
P_da_22,tromp,1
P_da_26,tromp,3
P_da_30,tromp,3
P_da_31,tromp,3
P_da_33,tromp,2
P_da_34,tromp,2
P_da_2,trust,3
P_da_4,trust,3
P_da_5,trust,4
P_da_7,trust,3
P_da_19,trust,5
P_da_21,trust,4
P_da_22,trust,4
P_da_26,trust,3
P_da_30,trust,3
P_da_31,trust,4
P_da_33,trust,5
P_da_34,trust,3
P_da_1,unassuming,3
P_da_10,unassuming,3
P_da_11,unassuming,3
P_da_12,unassuming,3
P_da_17,unassuming,4
P_da_25,unassuming,3
P_da_27,unassuming,3
P_da_28,unassuming,3
P_da_29,unassuming,4
P_da_32,unassuming,2
P_da_3,unaware,3
P_da_6,unaware,3
P_da_8,unaware,3
P_da_9,unaware,2
P_da_13,unaware,3
P_da_14,unaware,3
P_da_15,unaware,3
P_da_16,unaware,3
P_da_18,unaware,2
P_da_20,unaware,3
P_da_23,unaware,2
P_da_24,unaware,3
P_da_2,unbelievable,3
P_da_4,unbelievable,3
P_da_5,unbelievable,3
P_da_7,unbelievable,3
P_da_19,unbelievable,4
P_da_21,unbelievable,3
P_da_22,unbelievable,3
P_da_26,unbelievable,4
P_da_30,unbelievable,3
P_da_31,unbelievable,4
P_da_33,unbelievable,3
P_da_34,unbelievable,3
P_da_1,uncombed,3
P_da_10,uncombed,4
P_da_11,uncombed,2
P_da_12,uncombed,1
P_da_17,uncombed,3
P_da_25,uncombed,2
P_da_27,uncombed,2
P_da_28,uncombed,3
P_da_29,uncombed,2
P_da_32,uncombed,2
P_da_1,unique,3
P_da_10,unique,4
P_da_11,unique,3
P_da_12,unique,4
P_da_17,unique,2
P_da_25,unique,4
P_da_27,unique,4
P_da_28,unique,3
P_da_29,unique,4
P_da_32,unique,3
P_da_3,visit,3
P_da_6,visit,3
P_da_8,visit,4
P_da_9,visit,3
P_da_13,visit,3
P_da_14,visit,4
P_da_15,visit,3
P_da_16,visit,3
P_da_18,visit,3
P_da_20,visit,3
P_da_23,visit,3
P_da_24,visit,3
P_da_3,waddle,2
P_da_6,waddle,4
P_da_8,waddle,2
P_da_9,waddle,2
P_da_13,waddle,4
P_da_14,waddle,4
P_da_15,waddle,3
P_da_16,waddle,4
P_da_18,waddle,4
P_da_20,waddle,3
P_da_23,waddle,4
P_da_24,waddle,3
P_da_3,wag,2
P_da_6,wag,2
P_da_8,wag,2
P_da_9,wag,1
P_da_13,wag,5
P_da_14,wag,5
P_da_15,wag,3
P_da_16,wag,4
P_da_18,wag,3
P_da_20,wag,3
P_da_23,wag,3
P_da_24,wag,3
P_da_2,warn,3
P_da_4,warn,3
P_da_5,warn,2
P_da_7,warn,3
P_da_19,warn,1
P_da_21,warn,3
P_da_22,warn,1
P_da_26,warn,3
P_da_30,warn,3
P_da_31,warn,2
P_da_33,warn,3
P_da_34,warn,3
P_da_3,weird,3
P_da_6,weird,3
P_da_8,weird,4
P_da_9,weird,3
P_da_13,weird,3
P_da_14,weird,5
P_da_15,weird,3
P_da_16,weird,3
P_da_18,weird,2
P_da_20,weird,3
P_da_23,weird,3
P_da_24,weird,3
P_da_1,whine,5
P_da_10,whine,5
P_da_11,whine,3
P_da_12,whine,4
P_da_17,whine,4
P_da_25,whine,2
P_da_27,whine,3
P_da_28,whine,3
P_da_29,whine,5
P_da_32,whine,3
P_da_1,whiny,5
P_da_10,whiny,3
P_da_11,whiny,2
P_da_12,whiny,4
P_da_17,whiny,4
P_da_25,whiny,1
P_da_27,whiny,3
P_da_28,whiny,3
P_da_29,whiny,4
P_da_32,whiny,3
P_da_3,whirl,5
P_da_6,whirl,3
P_da_8,whirl,4
P_da_9,whirl,4
P_da_13,whirl,5
P_da_14,whirl,3
P_da_15,whirl,4
P_da_16,whirl,2
P_da_18,whirl,5
P_da_20,whirl,3
P_da_23,whirl,4
P_da_24,whirl,3
P_da_3,whisper,4
P_da_6,whisper,4
P_da_8,whisper,5
P_da_9,whisper,4
P_da_13,whisper,4
P_da_14,whisper,5
P_da_15,whisper,4
P_da_16,whisper,5
P_da_18,whisper,5
P_da_20,whisper,3
P_da_23,whisper,4
P_da_24,whisper,4
P_da_2,wholesome,4
P_da_4,wholesome,5
P_da_5,wholesome,4
P_da_7,wholesome,3
P_da_19,wholesome,4
P_da_21,wholesome,5
P_da_22,wholesome,4
P_da_26,wholesome,4
P_da_30,wholesome,3
P_da_31,wholesome,5
P_da_33,wholesome,5
P_da_34,wholesome,4
P_da_1,wierd,2
P_da_10,wierd,3
P_da_11,wierd,3
P_da_12,wierd,2
P_da_17,wierd,2
P_da_25,wierd,2
P_da_27,wierd,3
P_da_28,wierd,3
P_da_29,wierd,4
P_da_32,wierd,3
P_da_2,wishful,3
P_da_4,wishful,4
P_da_5,wishful,4
P_da_7,wishful,4
P_da_19,wishful,5
P_da_21,wishful,3
P_da_22,wishful,4
P_da_26,wishful,4
P_da_30,wishful,3
P_da_31,wishful,4
P_da_33,wishful,5
P_da_34,wishful,4
P_da_1,worrisome,5
P_da_10,worrisome,2
P_da_11,worrisome,3
P_da_12,worrisome,3
P_da_17,worrisome,4
P_da_25,worrisome,4
P_da_27,worrisome,2
P_da_28,worrisome,3
P_da_29,worrisome,4
P_da_32,worrisome,4
P_da_3,wrap,3
P_da_6,wrap,4
P_da_8,wrap,5
P_da_9,wrap,1
P_da_13,wrap,4
P_da_14,wrap,4
P_da_15,wrap,3
P_da_16,wrap,3
P_da_18,wrap,3
P_da_20,wrap,3
P_da_23,wrap,3
P_da_24,wrap,3
P_da_3,yawn,3
P_da_6,yawn,3
P_da_8,yawn,2
P_da_9,yawn,3
P_da_13,yawn,3
P_da_14,yawn,2
P_da_15,yawn,3
P_da_16,yawn,3
P_da_18,yawn,3
P_da_20,yawn,3
P_da_23,yawn,3
P_da_24,yawn,3
